{
    "debug": false,
    "lintScripts": false,
    "preprocessorLocations": [
        "assets"
    ],
    "preprocessorScriptOutput": "assets/scripts",
    "preprocessorStyleOutput": "assets/css",
    "projectName": "Empty",
    "projectDescription": "A simple empty boilerplate for a fresh start",
    "publishedId": null,
    "serverHostname": null,
    "serverPort": null,
    "templateDirectory": "templates",
    "templateDefaultLayout": "layout",
    "templateDefaultPage": "index",
    "type": "mixture",
    "useCompass": false,
    "simpleModePartnerServer": null,
    "modelSource": null,
    "domain": null,
    "convertHtml": {
        "relativePaths": false
    },
    "customRuby": true,
   
    "customRubyPath": "/Ruby21-x/lib/ruby/gems/2.1.0",
    "autoPrefixer": null,
    "sass": {
      "outputStyle": "nested",
      "sourceMap": false,
      "lineNumbers": false,
      "useLibSass": true,
      "debugInfo": false
    }
}